Nome,Quarto,Telemóvel,Colaborador,Renovador
João Silva,001,+351912345678,false,true
Maria Santos,002,+351923456789,false,false
Carlos Ferreira,003,,false,false
Ana Costa,004,+351934567890,false,false
Pedro Oliveira,005,+351945678901,false,true
Sofia Martins,006,+351956789012,false,false
Rui Pereira,007,,false,false
Inês Rodrigues,008,+351967890123,false,true
Tomás Alves,009,+351978901234,false,false
Beatriz Sousa,010,+351989012345,false,true
Miguel Carvalho,011,+351910111213,false,false
Catarina Lopes,012,,false,false
André Nunes,013A,+351921222324,false,true
Margarida Pinto,013B,+351932333435,false,false
Francisco Gomes,101A,+351943444546,false,false
Filipa Ribeiro,101B,+351954555657,false,true
Gonçalo Monteiro,102A,,false,false
Helena Correia,102B,+351965666768,false,false
Diogo Mendes,103A,+351976777879,false,true
Sara Fernandes,103B,+351987888990,false,false
António Moreira,104,+351910121314,false,false
Daniela Azevedo,105A,,false,false
Bruno Simões,105B,+351921232425,false,true
Rita Cardoso,106A,+351932343536,false,false
Nuno Marques,106B,+351943454647,false,true
Joana Andrade,107,+351954565758,false,false
Tiago Melo,108,,false,false
Vanessa Freitas,109A,+351965676869,false,true
Eduardo Teixeira,109B,+351976787980,false,false
Marta Fonseca,110,+351987898091,false,false
Rafael Cunha,111,+351910131415,false,false
Lara Dias,112,,false,true
Sérgio Ramos,113,+351921242526,false,false
Paula Machado,114,+351932353637,false,false
Henrique Coelho,115,+351943464748,false,true
Cristina Barros,116,+351954575859,false,false
David Figueiredo,117,,false,false
Natália Castro,118,+351965686970,false,false
Filipe Araújo,119,+351976797071,false,true
Teresa Matos,120,+351987900102,false,false
Vítor Rocha,121,+351910141516,false,true
Adriana Vieira,122,,false,false
Leandro Antunes,123,+351921252627,false,false
Mónica Cruz,124,+351932363738,false,false
Afonso Braga,125A,+351943474849,false,true
Isabel Henriques,125B,+351954585960,false,false
Nelson Miranda,201A,,false,false
Olívia Amorim,201B,+351965696061,false,true
Dinis Leite,202A,+351976707172,false,false
Fátima Baptista,202B,+351987010203,false,false
Mateus Soares,203A,+351910151617,false,true
Graça Pires,203B,,false,false
Igor Vasconcelos,204A,+351921262728,false,false
Júlia Tavares,204B,+351932373839,false,false
Salvador Reis,205,+351943484950,false,true
Diana Serrano,206A,+351954595051,false,false
Fernando Guerreiro,206B,,false,false
Bárbara Esteves,207A,+351965606162,false,true
Emílio Quaresma,207B,+351976717273,false,false
Susana Brito,208,+351987020304,false,false
Renato Nogueira,209,+351910161718,false,false
Carolina Peixoto,210A,,false,true
Hugo Valente,210B,+351921272829,false,false
Patrícia Lourenço,211,+351932383940,false,false
Luis Santos,212,+351910538227,false,true
Elisa Magalhães,213,+351943494051,false,false
Ivo Caldas,214,,false,false
Glória Pedroso,215,+351954606162,false,false
Leonor Faria,216,+351965717273,false,true
Bernardo Macedo,217,+351987030405,false,false
Xana Duarte,218,+351910171819,false,false
Osvaldo Campos,219,,false,true
Liliana Sequeira,220,+351921282930,false,false
Quim Ferraz,221,+351932394041,false,false
Amélia Goulão,222,+351943505152,false,false
Jaime Veiga,223,+351954616263,false,true
Vera Sampaio,224,,false,false
Fábio Moura,225,+351965727374,false,false
Irene Almeida,226A,+351976828384,false,true
Leonardo Leal,226B,+351987040506,false,false
Zita Neto,301A,+351910181920,false,false
Marco Teixeira,301B,,false,false
Raquel Pacheco,302A,+351921292031,false,true
Paulo Abreu,302B,+351932404142,false,false
Geraldo Saraiva,303A,+351943515253,false,false
Noémia Pereira,303B,+351954626364,false,false
Ulisses Coutinho,304A,,false,true
Francisca Belo,304B,+351965737475,false,false
Isidro Varela,305,+351976838485,false,false
Eduarda Monteiro,306A,+351987050607,false,true
Cláudio Roque,306B,+351910192021,false,false
Susana Vaz,307A,,false,false
Rodrigo Pinheiro,307B,+351921303132,false,false
Felícia Azevedo,308,+351932414243,false,true
Gregório Fonseca,309,+351943525354,false,false
Lúcia Cunha,310A,+351954636465,false,false
Alcides Baptista,310B,,false,false
Conceição Rocha,311,+351965747576,false,true
Rúben Lopes,312,+351976848586,false,false
Alzira Vieira,313,+351987060708,false,false
Simão Branco,314,+351910202122,false,true
Célia Ferreira,315,,false,false
Augusto Mota,316,+351921313233,false,false
Lisete Costa,317,+351932424344,false,false
Hélder Sousa,318,+351943535455,false,true
Marlene Gomes,319,+351954646566,false,false
Adélio Nunes,320,,false,false
Tatiana Pinto,321,+351965757677,false,false
Casimiro Ribeiro,322,+351976858687,false,true
Fernanda Alves,323,+351987070809,false,false
Silvério Martins,324,+351910212223,false,false
Ondina Carvalho,325,,false,false
Cremilde Pereira,326A,+351921323334,false,true
Eurico Santos,326B,+351932434445,false,false
Alzira Rodrigues,401A,+351943545556,false,false
Pompeu Oliveira,401B,+351954656667,false,true
Felisbela Mendes,402A,,false,false
Constantino Dias,402B,+351965767778,false,false
Salomé Ferreira,403,+351976868788,false,false
Virgílio Costa,404A,+351987080910,false,true
Belmiro Silva,404B,+351910222324,false,false
Deolinda Santos,405,,false,false
Armindo Ferreira,406,+351921333435,false,true
Perpétua Costa,407,+351932444546,false,false
Basílio Oliveira,408,+351943555657,false,false
Etelvina Martins,409,+351954666768,false,false
Agostinho Pereira,410,,false,true
Florinda Rodrigues,411,+351965777879,false,false
Serafim Alves,412,+351976878889,false,false
Laurinda Sousa,413,+351987091011,false,true
Amadeu Carvalho,414,+351910232425,false,false
Gracinda Lopes,415,,false,false
Venâncio Nunes,416,+351921343536,false,false
Lucinda Pinto,417,+351932454647,false,true
Timóteo Gomes,418,+351943565758,false,false
Marcelina Ribeiro,419,+351954676869,false,false
Anacleto Monteiro,420A,,false,false
Celestina Correia,420B,+351965787980,false,true
Bartolomeu Fernandes,501,+351976888990,false,false
Madalena Moura,502,+351987101112,false,false
Renata Pinto,503,+351910242526,false,true
Augusto Faria,504,,false,false
Celeste Nunes,505,+351921353637,false,false
Ernesto Rocha,506,+351932464748,false,false
Horácio Teixeira,507,+351943575859,false,true
Ilda Moreira,508,,false,false
Juvenal Marques,509,+351965797081,false,false
Lúcio Andrade,510A,+351976898990,false,false
Marta Viegas,510B,+351987111213,false,true
Norberto Freitas,511A,,false,false
Odete Cunha,511B,+351910252627,false,false
Luis Santos,,+351910538227,true,false
Ana Ferreira,,+351912000002,true,false
Marco Silva,,+351912000003,true,false
Carla Domingues,,+351912000004,true,false
Ricardo Esteves,,+351912000005,true,false
